LOCATION	INDICATOR	SUBJECT	MEASURE	FREQUENCY	TIME	Value	Flag Codes
AUS	TAXREV	TOT	PC_GDP	A	2000	30.458	
AUS	TAXREV	TOT	PC_GDP	A	2001	28.927	
AUS	TAXREV	TOT	PC_GDP	A	2002	29.8	
AUS	TAXREV	TOT	PC_GDP	A	2003	29.963	
AUS	TAXREV	TOT	PC_GDP	A	2004	30.271	
AUS	TAXREV	TOT	PC_GDP	A	2005	29.975	
AUS	TAXREV	TOT	PC_GDP	A	2006	29.39	
AUS	TAXREV	TOT	PC_GDP	A	2007	29.52	
AUS	TAXREV	TOT	PC_GDP	A	2008	26.827	
AUS	TAXREV	TOT	PC_GDP	A	2009	25.532	
AUS	TAXREV	TOT	PC_GDP	A	2010	25.268	
AUS	TAXREV	TOT	PC_GDP	A	2011	25.888	
AUS	TAXREV	TOT	PC_GDP	A	2012	26.909	
AUS	TAXREV	TOT	PC_GDP	A	2013	27.109	
AUS	TAXREV	TOT	PC_GDP	A	2014	27.271	
AUS	TAXREV	TOT	PC_GDP	A	2015	27.901	
AUS	TAXREV	TOT	PC_GDP	A	2016	27.618	
AUS	TAXREV	TOT	PC_GDP	A	2017	28.498	
AUS	TAXREV	TOT	PC_GDP	A	2018	28.679	
AUT	TAXREV	TOT	PC_GDP	A	2000	42.285	
AUT	TAXREV	TOT	PC_GDP	A	2001	43.886	
AUT	TAXREV	TOT	PC_GDP	A	2002	42.697	
AUT	TAXREV	TOT	PC_GDP	A	2003	42.409	
AUT	TAXREV	TOT	PC_GDP	A	2004	41.958	
AUT	TAXREV	TOT	PC_GDP	A	2005	41.012	
AUT	TAXREV	TOT	PC_GDP	A	2006	40.408	
AUT	TAXREV	TOT	PC_GDP	A	2007	40.548	
AUT	TAXREV	TOT	PC_GDP	A	2008	41.391	
AUT	TAXREV	TOT	PC_GDP	A	2009	40.98	
AUT	TAXREV	TOT	PC_GDP	A	2010	40.958	
AUT	TAXREV	TOT	PC_GDP	A	2011	41.119	
AUT	TAXREV	TOT	PC_GDP	A	2012	41.767	
AUT	TAXREV	TOT	PC_GDP	A	2013	42.635	
AUT	TAXREV	TOT	PC_GDP	A	2014	42.699	
AUT	TAXREV	TOT	PC_GDP	A	2015	43.126	
AUT	TAXREV	TOT	PC_GDP	A	2016	41.789	
AUT	TAXREV	TOT	PC_GDP	A	2017	41.757	
AUT	TAXREV	TOT	PC_GDP	A	2018	42.212	
AUT	TAXREV	TOT	PC_GDP	A	2019	42.444	
BEL	TAXREV	TOT	PC_GDP	A	2000	43.849	
BEL	TAXREV	TOT	PC_GDP	A	2001	43.692	
BEL	TAXREV	TOT	PC_GDP	A	2002	43.913	
BEL	TAXREV	TOT	PC_GDP	A	2003	43.344	
BEL	TAXREV	TOT	PC_GDP	A	2004	43.471	
BEL	TAXREV	TOT	PC_GDP	A	2005	43.357	
BEL	TAXREV	TOT	PC_GDP	A	2006	43.218	
BEL	TAXREV	TOT	PC_GDP	A	2007	42.92	
BEL	TAXREV	TOT	PC_GDP	A	2008	43.593	
BEL	TAXREV	TOT	PC_GDP	A	2009	42.699	
BEL	TAXREV	TOT	PC_GDP	A	2010	42.882	
BEL	TAXREV	TOT	PC_GDP	A	2011	43.508	
BEL	TAXREV	TOT	PC_GDP	A	2012	44.331	
BEL	TAXREV	TOT	PC_GDP	A	2013	45.036	
BEL	TAXREV	TOT	PC_GDP	A	2014	44.756	
BEL	TAXREV	TOT	PC_GDP	A	2015	44.128	
BEL	TAXREV	TOT	PC_GDP	A	2016	43.322	
BEL	TAXREV	TOT	PC_GDP	A	2017	43.795	
BEL	TAXREV	TOT	PC_GDP	A	2018	43.948	
BEL	TAXREV	TOT	PC_GDP	A	2019	42.916	
CAN	TAXREV	TOT	PC_GDP	A	2000	34.673	
CAN	TAXREV	TOT	PC_GDP	A	2001	34.085	
CAN	TAXREV	TOT	PC_GDP	A	2002	33.081	
CAN	TAXREV	TOT	PC_GDP	A	2003	32.7	
CAN	TAXREV	TOT	PC_GDP	A	2004	32.713	
CAN	TAXREV	TOT	PC_GDP	A	2005	32.661	
CAN	TAXREV	TOT	PC_GDP	A	2006	32.725	
CAN	TAXREV	TOT	PC_GDP	A	2007	32.495	
CAN	TAXREV	TOT	PC_GDP	A	2008	31.235	
CAN	TAXREV	TOT	PC_GDP	A	2009	32.346	
CAN	TAXREV	TOT	PC_GDP	A	2010	31.007	
CAN	TAXREV	TOT	PC_GDP	A	2011	30.803	
CAN	TAXREV	TOT	PC_GDP	A	2012	31.177	
CAN	TAXREV	TOT	PC_GDP	A	2013	31.132	
CAN	TAXREV	TOT	PC_GDP	A	2014	31.266	
CAN	TAXREV	TOT	PC_GDP	A	2015	32.82	
CAN	TAXREV	TOT	PC_GDP	A	2016	33.258	
CAN	TAXREV	TOT	PC_GDP	A	2017	33.114	
CAN	TAXREV	TOT	PC_GDP	A	2018	33.219	
CAN	TAXREV	TOT	PC_GDP	A	2019	33.455	
CZE	TAXREV	TOT	PC_GDP	A	2000	32.335	
CZE	TAXREV	TOT	PC_GDP	A	2001	32.405	
CZE	TAXREV	TOT	PC_GDP	A	2002	33.275	
CZE	TAXREV	TOT	PC_GDP	A	2003	34.099	
CZE	TAXREV	TOT	PC_GDP	A	2004	34.495	
CZE	TAXREV	TOT	PC_GDP	A	2005	34.234	
CZE	TAXREV	TOT	PC_GDP	A	2006	33.842	
CZE	TAXREV	TOT	PC_GDP	A	2007	34.102	
CZE	TAXREV	TOT	PC_GDP	A	2008	33.298	
CZE	TAXREV	TOT	PC_GDP	A	2009	32.088	
CZE	TAXREV	TOT	PC_GDP	A	2010	32.229	
CZE	TAXREV	TOT	PC_GDP	A	2011	33.025	
CZE	TAXREV	TOT	PC_GDP	A	2012	33.438	
CZE	TAXREV	TOT	PC_GDP	A	2013	33.71	
CZE	TAXREV	TOT	PC_GDP	A	2014	32.851	
CZE	TAXREV	TOT	PC_GDP	A	2015	33.134	
CZE	TAXREV	TOT	PC_GDP	A	2016	34.031	
CZE	TAXREV	TOT	PC_GDP	A	2017	34.438	
CZE	TAXREV	TOT	PC_GDP	A	2018	34.988	
CZE	TAXREV	TOT	PC_GDP	A	2019	34.927	
DNK	TAXREV	TOT	PC_GDP	A	2000	46.875	
DNK	TAXREV	TOT	PC_GDP	A	2001	45.919	
DNK	TAXREV	TOT	PC_GDP	A	2002	45.405	
DNK	TAXREV	TOT	PC_GDP	A	2003	45.583	
DNK	TAXREV	TOT	PC_GDP	A	2004	46.393	
DNK	TAXREV	TOT	PC_GDP	A	2005	48.005	
DNK	TAXREV	TOT	PC_GDP	A	2006	46.462	
DNK	TAXREV	TOT	PC_GDP	A	2007	46.425	
DNK	TAXREV	TOT	PC_GDP	A	2008	44.765	
DNK	TAXREV	TOT	PC_GDP	A	2009	44.963	
DNK	TAXREV	TOT	PC_GDP	A	2010	44.756	
DNK	TAXREV	TOT	PC_GDP	A	2011	44.793	
DNK	TAXREV	TOT	PC_GDP	A	2012	45.512	
DNK	TAXREV	TOT	PC_GDP	A	2013	45.888	
DNK	TAXREV	TOT	PC_GDP	A	2014	48.531	
DNK	TAXREV	TOT	PC_GDP	A	2015	46.057	
DNK	TAXREV	TOT	PC_GDP	A	2016	45.494	
DNK	TAXREV	TOT	PC_GDP	A	2017	45.849	
DNK	TAXREV	TOT	PC_GDP	A	2018	44.354	
DNK	TAXREV	TOT	PC_GDP	A	2019	46.337	
FIN	TAXREV	TOT	PC_GDP	A	2000	45.759	
FIN	TAXREV	TOT	PC_GDP	A	2001	43.115	
FIN	TAXREV	TOT	PC_GDP	A	2002	43.275	
FIN	TAXREV	TOT	PC_GDP	A	2003	42.338	
FIN	TAXREV	TOT	PC_GDP	A	2004	41.748	
FIN	TAXREV	TOT	PC_GDP	A	2005	42.037	
FIN	TAXREV	TOT	PC_GDP	A	2006	42.085	
FIN	TAXREV	TOT	PC_GDP	A	2007	41.4	
FIN	TAXREV	TOT	PC_GDP	A	2008	41.09	
FIN	TAXREV	TOT	PC_GDP	A	2009	40.773	
FIN	TAXREV	TOT	PC_GDP	A	2010	40.562	
FIN	TAXREV	TOT	PC_GDP	A	2011	41.794	
FIN	TAXREV	TOT	PC_GDP	A	2012	42.415	
FIN	TAXREV	TOT	PC_GDP	A	2013	43.406	
FIN	TAXREV	TOT	PC_GDP	A	2014	43.513	
FIN	TAXREV	TOT	PC_GDP	A	2015	43.524	
FIN	TAXREV	TOT	PC_GDP	A	2016	43.727	
FIN	TAXREV	TOT	PC_GDP	A	2017	42.926	
FIN	TAXREV	TOT	PC_GDP	A	2018	42.379	
FIN	TAXREV	TOT	PC_GDP	A	2019	42.189	
FRA	TAXREV	TOT	PC_GDP	A	2000	43.43	
FRA	TAXREV	TOT	PC_GDP	A	2001	43.101	
FRA	TAXREV	TOT	PC_GDP	A	2002	42.404	
FRA	TAXREV	TOT	PC_GDP	A	2003	42.239	
FRA	TAXREV	TOT	PC_GDP	A	2004	42.413	
FRA	TAXREV	TOT	PC_GDP	A	2005	42.904	
FRA	TAXREV	TOT	PC_GDP	A	2006	43.273	
FRA	TAXREV	TOT	PC_GDP	A	2007	42.545	
FRA	TAXREV	TOT	PC_GDP	A	2008	42.332	
FRA	TAXREV	TOT	PC_GDP	A	2009	41.528	
FRA	TAXREV	TOT	PC_GDP	A	2010	42.145	
FRA	TAXREV	TOT	PC_GDP	A	2011	43.334	
FRA	TAXREV	TOT	PC_GDP	A	2012	44.36	
FRA	TAXREV	TOT	PC_GDP	A	2013	45.367	
FRA	TAXREV	TOT	PC_GDP	A	2014	45.449	
FRA	TAXREV	TOT	PC_GDP	A	2015	45.281	
FRA	TAXREV	TOT	PC_GDP	A	2016	45.374	
FRA	TAXREV	TOT	PC_GDP	A	2017	46.068	
FRA	TAXREV	TOT	PC_GDP	A	2018	45.926	
FRA	TAXREV	TOT	PC_GDP	A	2019	45.401	
DEU	TAXREV	TOT	PC_GDP	A	2000	36.369	
DEU	TAXREV	TOT	PC_GDP	A	2001	35.127	
DEU	TAXREV	TOT	PC_GDP	A	2002	34.559	
DEU	TAXREV	TOT	PC_GDP	A	2003	34.745	
DEU	TAXREV	TOT	PC_GDP	A	2004	34.329	
DEU	TAXREV	TOT	PC_GDP	A	2005	34.419	
DEU	TAXREV	TOT	PC_GDP	A	2006	34.938	
DEU	TAXREV	TOT	PC_GDP	A	2007	35.375	
DEU	TAXREV	TOT	PC_GDP	A	2008	35.844	
DEU	TAXREV	TOT	PC_GDP	A	2009	36.682	
DEU	TAXREV	TOT	PC_GDP	A	2010	35.531	
DEU	TAXREV	TOT	PC_GDP	A	2011	36.085	
DEU	TAXREV	TOT	PC_GDP	A	2012	36.816	
DEU	TAXREV	TOT	PC_GDP	A	2013	36.954	
DEU	TAXREV	TOT	PC_GDP	A	2014	36.812	
DEU	TAXREV	TOT	PC_GDP	A	2015	37.263	
DEU	TAXREV	TOT	PC_GDP	A	2016	37.722	
DEU	TAXREV	TOT	PC_GDP	A	2017	37.793	
DEU	TAXREV	TOT	PC_GDP	A	2018	38.544	
DEU	TAXREV	TOT	PC_GDP	A	2019	38.812	
GRC	TAXREV	TOT	PC_GDP	A	2000	33.424	
GRC	TAXREV	TOT	PC_GDP	A	2001	31.937	
GRC	TAXREV	TOT	PC_GDP	A	2002	33.147	
GRC	TAXREV	TOT	PC_GDP	A	2003	31.493	
GRC	TAXREV	TOT	PC_GDP	A	2004	30.466	
GRC	TAXREV	TOT	PC_GDP	A	2005	31.874	
GRC	TAXREV	TOT	PC_GDP	A	2006	31.05	
GRC	TAXREV	TOT	PC_GDP	A	2007	31.797	
GRC	TAXREV	TOT	PC_GDP	A	2008	31.803	
GRC	TAXREV	TOT	PC_GDP	A	2009	30.752	
GRC	TAXREV	TOT	PC_GDP	A	2010	32.037	
GRC	TAXREV	TOT	PC_GDP	A	2011	33.642	
GRC	TAXREV	TOT	PC_GDP	A	2012	35.808	
GRC	TAXREV	TOT	PC_GDP	A	2013	35.737	
GRC	TAXREV	TOT	PC_GDP	A	2014	36.004	
GRC	TAXREV	TOT	PC_GDP	A	2015	36.393	
GRC	TAXREV	TOT	PC_GDP	A	2016	38.361	
GRC	TAXREV	TOT	PC_GDP	A	2017	38.622	
GRC	TAXREV	TOT	PC_GDP	A	2018	38.919	
GRC	TAXREV	TOT	PC_GDP	A	2019	38.707	
HUN	TAXREV	TOT	PC_GDP	A	2000	38.584	
HUN	TAXREV	TOT	PC_GDP	A	2001	37.657	
HUN	TAXREV	TOT	PC_GDP	A	2002	37.423	
HUN	TAXREV	TOT	PC_GDP	A	2003	37.261	
HUN	TAXREV	TOT	PC_GDP	A	2004	37.058	
HUN	TAXREV	TOT	PC_GDP	A	2005	36.556	
HUN	TAXREV	TOT	PC_GDP	A	2006	36.447	
HUN	TAXREV	TOT	PC_GDP	A	2007	39.356	
HUN	TAXREV	TOT	PC_GDP	A	2008	39.423	
HUN	TAXREV	TOT	PC_GDP	A	2009	38.901	
HUN	TAXREV	TOT	PC_GDP	A	2010	37.194	
HUN	TAXREV	TOT	PC_GDP	A	2011	36.643	
HUN	TAXREV	TOT	PC_GDP	A	2012	39.163	
HUN	TAXREV	TOT	PC_GDP	A	2013	38.586	
HUN	TAXREV	TOT	PC_GDP	A	2014	38.552	
HUN	TAXREV	TOT	PC_GDP	A	2015	38.901	
HUN	TAXREV	TOT	PC_GDP	A	2016	39.414	
HUN	TAXREV	TOT	PC_GDP	A	2017	38.283	
HUN	TAXREV	TOT	PC_GDP	A	2018	37.45	
HUN	TAXREV	TOT	PC_GDP	A	2019	35.771	
ISL	TAXREV	TOT	PC_GDP	A	2000	35.963	
ISL	TAXREV	TOT	PC_GDP	A	2001	34.184	
ISL	TAXREV	TOT	PC_GDP	A	2002	33.854	
ISL	TAXREV	TOT	PC_GDP	A	2003	35.312	
ISL	TAXREV	TOT	PC_GDP	A	2004	36.301	
ISL	TAXREV	TOT	PC_GDP	A	2005	39.412	
ISL	TAXREV	TOT	PC_GDP	A	2006	40.125	
ISL	TAXREV	TOT	PC_GDP	A	2007	38.585	
ISL	TAXREV	TOT	PC_GDP	A	2008	34.519	
ISL	TAXREV	TOT	PC_GDP	A	2009	31.179	
ISL	TAXREV	TOT	PC_GDP	A	2010	32.299	
ISL	TAXREV	TOT	PC_GDP	A	2011	33.335	
ISL	TAXREV	TOT	PC_GDP	A	2012	34.014	
ISL	TAXREV	TOT	PC_GDP	A	2013	34.515	
ISL	TAXREV	TOT	PC_GDP	A	2014	37.34	
ISL	TAXREV	TOT	PC_GDP	A	2015	35.398	
ISL	TAXREV	TOT	PC_GDP	A	2016	50.809	
ISL	TAXREV	TOT	PC_GDP	A	2017	37.564	
ISL	TAXREV	TOT	PC_GDP	A	2018	37.225	
ISL	TAXREV	TOT	PC_GDP	A	2019	36.075	
IRL	TAXREV	TOT	PC_GDP	A	2000	30.783	
IRL	TAXREV	TOT	PC_GDP	A	2001	28.684	
IRL	TAXREV	TOT	PC_GDP	A	2002	27.88	
IRL	TAXREV	TOT	PC_GDP	A	2003	28.53	
IRL	TAXREV	TOT	PC_GDP	A	2004	29.598	
IRL	TAXREV	TOT	PC_GDP	A	2005	30.064	
IRL	TAXREV	TOT	PC_GDP	A	2006	31.413	
IRL	TAXREV	TOT	PC_GDP	A	2007	30.826	
IRL	TAXREV	TOT	PC_GDP	A	2008	29.018	
IRL	TAXREV	TOT	PC_GDP	A	2009	27.971	
IRL	TAXREV	TOT	PC_GDP	A	2010	27.663	
IRL	TAXREV	TOT	PC_GDP	A	2011	28.379	
IRL	TAXREV	TOT	PC_GDP	A	2012	28.634	
IRL	TAXREV	TOT	PC_GDP	A	2013	28.914	
IRL	TAXREV	TOT	PC_GDP	A	2014	29.002	
IRL	TAXREV	TOT	PC_GDP	A	2015	23.37	
IRL	TAXREV	TOT	PC_GDP	A	2016	23.61	
IRL	TAXREV	TOT	PC_GDP	A	2017	22.761	
IRL	TAXREV	TOT	PC_GDP	A	2018	22.673	
IRL	TAXREV	TOT	PC_GDP	A	2019	22.656	
ITA	TAXREV	TOT	PC_GDP	A	2000	40.523	
ITA	TAXREV	TOT	PC_GDP	A	2001	40.135	
ITA	TAXREV	TOT	PC_GDP	A	2002	39.619	
ITA	TAXREV	TOT	PC_GDP	A	2003	39.953	
ITA	TAXREV	TOT	PC_GDP	A	2004	39.225	
ITA	TAXREV	TOT	PC_GDP	A	2005	39.047	
ITA	TAXREV	TOT	PC_GDP	A	2006	40.464	
ITA	TAXREV	TOT	PC_GDP	A	2007	41.564	
ITA	TAXREV	TOT	PC_GDP	A	2008	41.596	
ITA	TAXREV	TOT	PC_GDP	A	2009	41.97	
ITA	TAXREV	TOT	PC_GDP	A	2010	41.701	
ITA	TAXREV	TOT	PC_GDP	A	2011	41.637	
ITA	TAXREV	TOT	PC_GDP	A	2012	43.617	
ITA	TAXREV	TOT	PC_GDP	A	2013	43.828	
ITA	TAXREV	TOT	PC_GDP	A	2014	43.325	
ITA	TAXREV	TOT	PC_GDP	A	2015	42.958	
ITA	TAXREV	TOT	PC_GDP	A	2016	42.242	
ITA	TAXREV	TOT	PC_GDP	A	2017	41.912	
ITA	TAXREV	TOT	PC_GDP	A	2018	41.871	
ITA	TAXREV	TOT	PC_GDP	A	2019	42.446	
JPN	TAXREV	TOT	PC_GDP	A	2000	25.78	
JPN	TAXREV	TOT	PC_GDP	A	2001	25.938	
JPN	TAXREV	TOT	PC_GDP	A	2002	24.914	
JPN	TAXREV	TOT	PC_GDP	A	2003	24.532	
JPN	TAXREV	TOT	PC_GDP	A	2004	25.153	
JPN	TAXREV	TOT	PC_GDP	A	2005	26.243	
JPN	TAXREV	TOT	PC_GDP	A	2006	27.031	
JPN	TAXREV	TOT	PC_GDP	A	2007	27.546	
JPN	TAXREV	TOT	PC_GDP	A	2008	27.404	
JPN	TAXREV	TOT	PC_GDP	A	2009	25.969	
JPN	TAXREV	TOT	PC_GDP	A	2010	26.527	
JPN	TAXREV	TOT	PC_GDP	A	2011	27.461	
JPN	TAXREV	TOT	PC_GDP	A	2012	28.238	
JPN	TAXREV	TOT	PC_GDP	A	2013	28.862	
JPN	TAXREV	TOT	PC_GDP	A	2014	30.273	
JPN	TAXREV	TOT	PC_GDP	A	2015	30.694	
JPN	TAXREV	TOT	PC_GDP	A	2016	30.729	
JPN	TAXREV	TOT	PC_GDP	A	2017	31.377	
JPN	TAXREV	TOT	PC_GDP	A	2018	32.03	
KOR	TAXREV	TOT	PC_GDP	A	2000	20.916	
KOR	TAXREV	TOT	PC_GDP	A	2001	21.201	
KOR	TAXREV	TOT	PC_GDP	A	2002	21.312	
KOR	TAXREV	TOT	PC_GDP	A	2003	21.991	
KOR	TAXREV	TOT	PC_GDP	A	2004	21.177	
KOR	TAXREV	TOT	PC_GDP	A	2005	21.656	
KOR	TAXREV	TOT	PC_GDP	A	2006	22.632	
KOR	TAXREV	TOT	PC_GDP	A	2007	23.73	
KOR	TAXREV	TOT	PC_GDP	A	2008	23.583	
KOR	TAXREV	TOT	PC_GDP	A	2009	22.703	
KOR	TAXREV	TOT	PC_GDP	A	2010	22.378	
KOR	TAXREV	TOT	PC_GDP	A	2011	23.177	
KOR	TAXREV	TOT	PC_GDP	A	2012	23.702	
KOR	TAXREV	TOT	PC_GDP	A	2013	23.143	
KOR	TAXREV	TOT	PC_GDP	A	2014	23.381	
KOR	TAXREV	TOT	PC_GDP	A	2015	23.737	
KOR	TAXREV	TOT	PC_GDP	A	2016	24.745	
KOR	TAXREV	TOT	PC_GDP	A	2017	25.357	
KOR	TAXREV	TOT	PC_GDP	A	2018	26.752	
KOR	TAXREV	TOT	PC_GDP	A	2019	27.377	
LUX	TAXREV	TOT	PC_GDP	A	2000	36.875	
LUX	TAXREV	TOT	PC_GDP	A	2001	37.398	
LUX	TAXREV	TOT	PC_GDP	A	2002	37.29	
LUX	TAXREV	TOT	PC_GDP	A	2003	37.452	
LUX	TAXREV	TOT	PC_GDP	A	2004	36.565	
LUX	TAXREV	TOT	PC_GDP	A	2005	37.748	
LUX	TAXREV	TOT	PC_GDP	A	2006	35.689	
LUX	TAXREV	TOT	PC_GDP	A	2007	36.191	
LUX	TAXREV	TOT	PC_GDP	A	2008	36.75	
LUX	TAXREV	TOT	PC_GDP	A	2009	38.29	
LUX	TAXREV	TOT	PC_GDP	A	2010	37.507	
LUX	TAXREV	TOT	PC_GDP	A	2011	37.062	
LUX	TAXREV	TOT	PC_GDP	A	2012	38.348	
LUX	TAXREV	TOT	PC_GDP	A	2013	38.157	
LUX	TAXREV	TOT	PC_GDP	A	2014	37.459	
LUX	TAXREV	TOT	PC_GDP	A	2015	36.985	
LUX	TAXREV	TOT	PC_GDP	A	2016	36.827	
LUX	TAXREV	TOT	PC_GDP	A	2017	37.611	
LUX	TAXREV	TOT	PC_GDP	A	2018	39.743	
LUX	TAXREV	TOT	PC_GDP	A	2019	39.222	
MEX	TAXREV	TOT	PC_GDP	A	2000	11.462	
MEX	TAXREV	TOT	PC_GDP	A	2001	12.194	
MEX	TAXREV	TOT	PC_GDP	A	2002	12.61	
MEX	TAXREV	TOT	PC_GDP	A	2003	12.671	
MEX	TAXREV	TOT	PC_GDP	A	2004	11.559	
MEX	TAXREV	TOT	PC_GDP	A	2005	11.362	
MEX	TAXREV	TOT	PC_GDP	A	2006	11.588	
MEX	TAXREV	TOT	PC_GDP	A	2007	12.014	
MEX	TAXREV	TOT	PC_GDP	A	2008	12.599	
MEX	TAXREV	TOT	PC_GDP	A	2009	12.467	
MEX	TAXREV	TOT	PC_GDP	A	2010	12.84	
MEX	TAXREV	TOT	PC_GDP	A	2011	12.767	
MEX	TAXREV	TOT	PC_GDP	A	2012	12.649	
MEX	TAXREV	TOT	PC_GDP	A	2013	13.304	
MEX	TAXREV	TOT	PC_GDP	A	2014	13.702	
MEX	TAXREV	TOT	PC_GDP	A	2015	15.92	
MEX	TAXREV	TOT	PC_GDP	A	2016	16.618	
MEX	TAXREV	TOT	PC_GDP	A	2017	16.096	
MEX	TAXREV	TOT	PC_GDP	A	2018	16.167	
MEX	TAXREV	TOT	PC_GDP	A	2019	16.471	
NLD	TAXREV	TOT	PC_GDP	A	2000	36.907	
NLD	TAXREV	TOT	PC_GDP	A	2001	35.612	
NLD	TAXREV	TOT	PC_GDP	A	2002	35.014	
NLD	TAXREV	TOT	PC_GDP	A	2003	34.804	
NLD	TAXREV	TOT	PC_GDP	A	2004	34.809	
NLD	TAXREV	TOT	PC_GDP	A	2005	35.013	
NLD	TAXREV	TOT	PC_GDP	A	2006	36.047	
NLD	TAXREV	TOT	PC_GDP	A	2007	35.685	
NLD	TAXREV	TOT	PC_GDP	A	2008	35.946	
NLD	TAXREV	TOT	PC_GDP	A	2009	34.939	
NLD	TAXREV	TOT	PC_GDP	A	2010	35.656	
NLD	TAXREV	TOT	PC_GDP	A	2011	35.443	
NLD	TAXREV	TOT	PC_GDP	A	2012	35.587	
NLD	TAXREV	TOT	PC_GDP	A	2013	36.109	
NLD	TAXREV	TOT	PC_GDP	A	2014	37.047	
NLD	TAXREV	TOT	PC_GDP	A	2015	37.007	
NLD	TAXREV	TOT	PC_GDP	A	2016	38.405	
NLD	TAXREV	TOT	PC_GDP	A	2017	38.701	
NLD	TAXREV	TOT	PC_GDP	A	2018	38.799	
NLD	TAXREV	TOT	PC_GDP	A	2019	39.333	
NZL	TAXREV	TOT	PC_GDP	A	2000	32.538	
NZL	TAXREV	TOT	PC_GDP	A	2001	31.941	
NZL	TAXREV	TOT	PC_GDP	A	2002	33.25	
NZL	TAXREV	TOT	PC_GDP	A	2003	33.161	
NZL	TAXREV	TOT	PC_GDP	A	2004	34.203	
NZL	TAXREV	TOT	PC_GDP	A	2005	36.065	
NZL	TAXREV	TOT	PC_GDP	A	2006	35.274	
NZL	TAXREV	TOT	PC_GDP	A	2007	33.876	
NZL	TAXREV	TOT	PC_GDP	A	2008	32.892	
NZL	TAXREV	TOT	PC_GDP	A	2009	30.243	
NZL	TAXREV	TOT	PC_GDP	A	2010	30.266	
NZL	TAXREV	TOT	PC_GDP	A	2011	30.045	
NZL	TAXREV	TOT	PC_GDP	A	2012	31.635	
NZL	TAXREV	TOT	PC_GDP	A	2013	30.484	
NZL	TAXREV	TOT	PC_GDP	A	2014	31.268	
NZL	TAXREV	TOT	PC_GDP	A	2015	31.612	
NZL	TAXREV	TOT	PC_GDP	A	2016	31.517	
NZL	TAXREV	TOT	PC_GDP	A	2017	31.605	
NZL	TAXREV	TOT	PC_GDP	A	2018	32.885	
NZL	TAXREV	TOT	PC_GDP	A	2019	32.312	
NOR	TAXREV	TOT	PC_GDP	A	2000	41.664	
NOR	TAXREV	TOT	PC_GDP	A	2001	41.879	
NOR	TAXREV	TOT	PC_GDP	A	2002	42.221	
NOR	TAXREV	TOT	PC_GDP	A	2003	41.566	
NOR	TAXREV	TOT	PC_GDP	A	2004	42.317	
NOR	TAXREV	TOT	PC_GDP	A	2005	42.549	
NOR	TAXREV	TOT	PC_GDP	A	2006	42.708	
NOR	TAXREV	TOT	PC_GDP	A	2007	42.009	
NOR	TAXREV	TOT	PC_GDP	A	2008	41.269	
NOR	TAXREV	TOT	PC_GDP	A	2009	41.11	
NOR	TAXREV	TOT	PC_GDP	A	2010	41.804	
NOR	TAXREV	TOT	PC_GDP	A	2011	41.921	
NOR	TAXREV	TOT	PC_GDP	A	2012	41.409	
NOR	TAXREV	TOT	PC_GDP	A	2013	39.818	
NOR	TAXREV	TOT	PC_GDP	A	2014	38.748	
NOR	TAXREV	TOT	PC_GDP	A	2015	38.421	
NOR	TAXREV	TOT	PC_GDP	A	2016	38.878	
NOR	TAXREV	TOT	PC_GDP	A	2017	38.78	
NOR	TAXREV	TOT	PC_GDP	A	2018	39.571	
NOR	TAXREV	TOT	PC_GDP	A	2019	39.928	
POL	TAXREV	TOT	PC_GDP	A	2000	32.935	
POL	TAXREV	TOT	PC_GDP	A	2001	32.895	
POL	TAXREV	TOT	PC_GDP	A	2002	33.034	
POL	TAXREV	TOT	PC_GDP	A	2003	32.49	
POL	TAXREV	TOT	PC_GDP	A	2004	31.919	
POL	TAXREV	TOT	PC_GDP	A	2005	32.96	
POL	TAXREV	TOT	PC_GDP	A	2006	33.611	
POL	TAXREV	TOT	PC_GDP	A	2007	34.622	
POL	TAXREV	TOT	PC_GDP	A	2008	34.117	
POL	TAXREV	TOT	PC_GDP	A	2009	31.199	
POL	TAXREV	TOT	PC_GDP	A	2010	31.361	
POL	TAXREV	TOT	PC_GDP	A	2011	31.797	
POL	TAXREV	TOT	PC_GDP	A	2012	32.047	
POL	TAXREV	TOT	PC_GDP	A	2013	31.872	
POL	TAXREV	TOT	PC_GDP	A	2014	31.899	
POL	TAXREV	TOT	PC_GDP	A	2015	32.439	
POL	TAXREV	TOT	PC_GDP	A	2016	33.409	
POL	TAXREV	TOT	PC_GDP	A	2017	34.124	
POL	TAXREV	TOT	PC_GDP	A	2018	35.159	
POL	TAXREV	TOT	PC_GDP	A	2019	35.385	
PRT	TAXREV	TOT	PC_GDP	A	2000	31.062	
PRT	TAXREV	TOT	PC_GDP	A	2001	30.833	
PRT	TAXREV	TOT	PC_GDP	A	2002	31.264	
PRT	TAXREV	TOT	PC_GDP	A	2003	31.359	
PRT	TAXREV	TOT	PC_GDP	A	2004	30.174	
PRT	TAXREV	TOT	PC_GDP	A	2005	30.827	
PRT	TAXREV	TOT	PC_GDP	A	2006	31.329	
PRT	TAXREV	TOT	PC_GDP	A	2007	31.814	
PRT	TAXREV	TOT	PC_GDP	A	2008	31.689	
PRT	TAXREV	TOT	PC_GDP	A	2009	29.92	
PRT	TAXREV	TOT	PC_GDP	A	2010	30.459	
PRT	TAXREV	TOT	PC_GDP	A	2011	32.342	
PRT	TAXREV	TOT	PC_GDP	A	2012	31.799	
PRT	TAXREV	TOT	PC_GDP	A	2013	34.028	
PRT	TAXREV	TOT	PC_GDP	A	2014	34.191	
PRT	TAXREV	TOT	PC_GDP	A	2015	34.392	
PRT	TAXREV	TOT	PC_GDP	A	2016	34.061	
PRT	TAXREV	TOT	PC_GDP	A	2017	34.121	
PRT	TAXREV	TOT	PC_GDP	A	2018	34.82	
PRT	TAXREV	TOT	PC_GDP	A	2019	34.845	
SVK	TAXREV	TOT	PC_GDP	A	2000	33.633	
SVK	TAXREV	TOT	PC_GDP	A	2001	32.705	
SVK	TAXREV	TOT	PC_GDP	A	2002	32.828	
SVK	TAXREV	TOT	PC_GDP	A	2003	32.552	
SVK	TAXREV	TOT	PC_GDP	A	2004	31.531	
SVK	TAXREV	TOT	PC_GDP	A	2005	31.291	
SVK	TAXREV	TOT	PC_GDP	A	2006	29.333	
SVK	TAXREV	TOT	PC_GDP	A	2007	29.22	
SVK	TAXREV	TOT	PC_GDP	A	2008	29.066	
SVK	TAXREV	TOT	PC_GDP	A	2009	28.891	
SVK	TAXREV	TOT	PC_GDP	A	2010	28.137	
SVK	TAXREV	TOT	PC_GDP	A	2011	29.107	
SVK	TAXREV	TOT	PC_GDP	A	2012	28.775	
SVK	TAXREV	TOT	PC_GDP	A	2013	31.042	
SVK	TAXREV	TOT	PC_GDP	A	2014	31.902	
SVK	TAXREV	TOT	PC_GDP	A	2015	32.66	
SVK	TAXREV	TOT	PC_GDP	A	2016	33.271	
SVK	TAXREV	TOT	PC_GDP	A	2017	34.224	
SVK	TAXREV	TOT	PC_GDP	A	2018	34.322	
SVK	TAXREV	TOT	PC_GDP	A	2019	34.736	
ESP	TAXREV	TOT	PC_GDP	A	2000	33.05	
ESP	TAXREV	TOT	PC_GDP	A	2001	32.796	
ESP	TAXREV	TOT	PC_GDP	A	2002	33.244	
ESP	TAXREV	TOT	PC_GDP	A	2003	33.095	
ESP	TAXREV	TOT	PC_GDP	A	2004	34.042	
ESP	TAXREV	TOT	PC_GDP	A	2005	35.243	
ESP	TAXREV	TOT	PC_GDP	A	2006	35.999	
ESP	TAXREV	TOT	PC_GDP	A	2007	36.414	
ESP	TAXREV	TOT	PC_GDP	A	2008	32.103	
ESP	TAXREV	TOT	PC_GDP	A	2009	29.679	
ESP	TAXREV	TOT	PC_GDP	A	2010	31.282	
ESP	TAXREV	TOT	PC_GDP	A	2011	31.19	
ESP	TAXREV	TOT	PC_GDP	A	2012	32.368	
ESP	TAXREV	TOT	PC_GDP	A	2013	33.115	
ESP	TAXREV	TOT	PC_GDP	A	2014	33.887	
ESP	TAXREV	TOT	PC_GDP	A	2015	33.842	
ESP	TAXREV	TOT	PC_GDP	A	2016	33.597	
ESP	TAXREV	TOT	PC_GDP	A	2017	33.87	
ESP	TAXREV	TOT	PC_GDP	A	2018	34.602	
ESP	TAXREV	TOT	PC_GDP	A	2019	34.649	
SWE	TAXREV	TOT	PC_GDP	A	2000	48.773	
SWE	TAXREV	TOT	PC_GDP	A	2001	46.716	
SWE	TAXREV	TOT	PC_GDP	A	2002	45.03	
SWE	TAXREV	TOT	PC_GDP	A	2003	45.411	
SWE	TAXREV	TOT	PC_GDP	A	2004	45.666	
SWE	TAXREV	TOT	PC_GDP	A	2005	46.694	
SWE	TAXREV	TOT	PC_GDP	A	2006	46.08	
SWE	TAXREV	TOT	PC_GDP	A	2007	45.095	
SWE	TAXREV	TOT	PC_GDP	A	2008	44.142	
SWE	TAXREV	TOT	PC_GDP	A	2009	43.867	
SWE	TAXREV	TOT	PC_GDP	A	2010	43.058	
SWE	TAXREV	TOT	PC_GDP	A	2011	42.134	
SWE	TAXREV	TOT	PC_GDP	A	2012	42.324	
SWE	TAXREV	TOT	PC_GDP	A	2013	42.695	
SWE	TAXREV	TOT	PC_GDP	A	2014	42.383	
SWE	TAXREV	TOT	PC_GDP	A	2015	42.85	
SWE	TAXREV	TOT	PC_GDP	A	2016	44.309	
SWE	TAXREV	TOT	PC_GDP	A	2017	44.307	
SWE	TAXREV	TOT	PC_GDP	A	2018	43.921	
SWE	TAXREV	TOT	PC_GDP	A	2019	42.909	
CHE	TAXREV	TOT	PC_GDP	A	2000	27.607	
CHE	TAXREV	TOT	PC_GDP	A	2001	27.034	
CHE	TAXREV	TOT	PC_GDP	A	2002	27.625	
CHE	TAXREV	TOT	PC_GDP	A	2003	26.931	
CHE	TAXREV	TOT	PC_GDP	A	2004	26.608	
CHE	TAXREV	TOT	PC_GDP	A	2005	26.646	
CHE	TAXREV	TOT	PC_GDP	A	2006	26.446	
CHE	TAXREV	TOT	PC_GDP	A	2007	26.204	
CHE	TAXREV	TOT	PC_GDP	A	2008	26.583	
CHE	TAXREV	TOT	PC_GDP	A	2009	26.978	
CHE	TAXREV	TOT	PC_GDP	A	2010	26.595	
CHE	TAXREV	TOT	PC_GDP	A	2011	26.893	
CHE	TAXREV	TOT	PC_GDP	A	2012	26.91	
CHE	TAXREV	TOT	PC_GDP	A	2013	26.998	
CHE	TAXREV	TOT	PC_GDP	A	2014	26.882	
CHE	TAXREV	TOT	PC_GDP	A	2015	27.574	
CHE	TAXREV	TOT	PC_GDP	A	2016	27.661	
CHE	TAXREV	TOT	PC_GDP	A	2017	28.415	
CHE	TAXREV	TOT	PC_GDP	A	2018	28.046	
CHE	TAXREV	TOT	PC_GDP	A	2019	28.529	
TUR	TAXREV	TOT	PC_GDP	A	2000	23.478	
TUR	TAXREV	TOT	PC_GDP	A	2001	25.361	
TUR	TAXREV	TOT	PC_GDP	A	2002	23.826	
TUR	TAXREV	TOT	PC_GDP	A	2003	24.979	
TUR	TAXREV	TOT	PC_GDP	A	2004	23.088	
TUR	TAXREV	TOT	PC_GDP	A	2005	23.14	
TUR	TAXREV	TOT	PC_GDP	A	2006	23.371	
TUR	TAXREV	TOT	PC_GDP	A	2007	22.874	
TUR	TAXREV	TOT	PC_GDP	A	2008	22.961	
TUR	TAXREV	TOT	PC_GDP	A	2009	23.318	
TUR	TAXREV	TOT	PC_GDP	A	2010	24.654	
TUR	TAXREV	TOT	PC_GDP	A	2011	25.706	
TUR	TAXREV	TOT	PC_GDP	A	2012	24.76	
TUR	TAXREV	TOT	PC_GDP	A	2013	25.156	
TUR	TAXREV	TOT	PC_GDP	A	2014	24.457	
TUR	TAXREV	TOT	PC_GDP	A	2015	24.957	
TUR	TAXREV	TOT	PC_GDP	A	2016	25.128	
TUR	TAXREV	TOT	PC_GDP	A	2017	24.68	
TUR	TAXREV	TOT	PC_GDP	A	2018	23.986	
TUR	TAXREV	TOT	PC_GDP	A	2019	23.079	
GBR	TAXREV	TOT	PC_GDP	A	2000	32.8	
GBR	TAXREV	TOT	PC_GDP	A	2001	32.364	
GBR	TAXREV	TOT	PC_GDP	A	2002	31.425	
GBR	TAXREV	TOT	PC_GDP	A	2003	31.064	
GBR	TAXREV	TOT	PC_GDP	A	2004	32.156	
GBR	TAXREV	TOT	PC_GDP	A	2005	32.549	
GBR	TAXREV	TOT	PC_GDP	A	2006	32.749	
GBR	TAXREV	TOT	PC_GDP	A	2007	32.824	
GBR	TAXREV	TOT	PC_GDP	A	2008	32.143	
GBR	TAXREV	TOT	PC_GDP	A	2009	31.06	
GBR	TAXREV	TOT	PC_GDP	A	2010	32.132	
GBR	TAXREV	TOT	PC_GDP	A	2011	32.718	
GBR	TAXREV	TOT	PC_GDP	A	2012	32.117	
GBR	TAXREV	TOT	PC_GDP	A	2013	32.055	
GBR	TAXREV	TOT	PC_GDP	A	2014	32.107	
GBR	TAXREV	TOT	PC_GDP	A	2015	32.436	
GBR	TAXREV	TOT	PC_GDP	A	2016	32.636	
GBR	TAXREV	TOT	PC_GDP	A	2017	32.825	
GBR	TAXREV	TOT	PC_GDP	A	2018	32.887	
GBR	TAXREV	TOT	PC_GDP	A	2019	32.983	
USA	TAXREV	TOT	PC_GDP	A	2000	28.291	
USA	TAXREV	TOT	PC_GDP	A	2001	27.261	
USA	TAXREV	TOT	PC_GDP	A	2002	24.994	
USA	TAXREV	TOT	PC_GDP	A	2003	24.48	
USA	TAXREV	TOT	PC_GDP	A	2004	24.769	
USA	TAXREV	TOT	PC_GDP	A	2005	26.102	
USA	TAXREV	TOT	PC_GDP	A	2006	26.777	
USA	TAXREV	TOT	PC_GDP	A	2007	26.769	
USA	TAXREV	TOT	PC_GDP	A	2008	25.742	
USA	TAXREV	TOT	PC_GDP	A	2009	22.957	
USA	TAXREV	TOT	PC_GDP	A	2010	23.46	
USA	TAXREV	TOT	PC_GDP	A	2011	23.849	
USA	TAXREV	TOT	PC_GDP	A	2012	24	
USA	TAXREV	TOT	PC_GDP	A	2013	25.569	
USA	TAXREV	TOT	PC_GDP	A	2014	25.917	
USA	TAXREV	TOT	PC_GDP	A	2015	26.177	
USA	TAXREV	TOT	PC_GDP	A	2016	25.809	
USA	TAXREV	TOT	PC_GDP	A	2017	26.74	
USA	TAXREV	TOT	PC_GDP	A	2018	24.412	
USA	TAXREV	TOT	PC_GDP	A	2019	24.466	
CHL	TAXREV	TOT	PC_GDP	A	2000	18.812	
CHL	TAXREV	TOT	PC_GDP	A	2001	19.046	
CHL	TAXREV	TOT	PC_GDP	A	2002	19.091	
CHL	TAXREV	TOT	PC_GDP	A	2003	18.84	
CHL	TAXREV	TOT	PC_GDP	A	2004	19.086	
CHL	TAXREV	TOT	PC_GDP	A	2005	20.725	
CHL	TAXREV	TOT	PC_GDP	A	2006	21.979	
CHL	TAXREV	TOT	PC_GDP	A	2007	22.71	
CHL	TAXREV	TOT	PC_GDP	A	2008	21.406	
CHL	TAXREV	TOT	PC_GDP	A	2009	17.334	
CHL	TAXREV	TOT	PC_GDP	A	2010	19.591	
CHL	TAXREV	TOT	PC_GDP	A	2011	21.116	
CHL	TAXREV	TOT	PC_GDP	A	2012	21.328	
CHL	TAXREV	TOT	PC_GDP	A	2013	19.86	
CHL	TAXREV	TOT	PC_GDP	A	2014	19.613	
CHL	TAXREV	TOT	PC_GDP	A	2015	20.39	
CHL	TAXREV	TOT	PC_GDP	A	2016	20.131	
CHL	TAXREV	TOT	PC_GDP	A	2017	20.16	
CHL	TAXREV	TOT	PC_GDP	A	2018	21.078	
CHL	TAXREV	TOT	PC_GDP	A	2019	20.657	
EST	TAXREV	TOT	PC_GDP	A	2000	31.046	
EST	TAXREV	TOT	PC_GDP	A	2001	30.299	
EST	TAXREV	TOT	PC_GDP	A	2002	30.963	
EST	TAXREV	TOT	PC_GDP	A	2003	30.76	
EST	TAXREV	TOT	PC_GDP	A	2004	30.989	
EST	TAXREV	TOT	PC_GDP	A	2005	29.773	
EST	TAXREV	TOT	PC_GDP	A	2006	30.456	
EST	TAXREV	TOT	PC_GDP	A	2007	30.989	
EST	TAXREV	TOT	PC_GDP	A	2008	31.201	
EST	TAXREV	TOT	PC_GDP	A	2009	34.756	
EST	TAXREV	TOT	PC_GDP	A	2010	32.929	
EST	TAXREV	TOT	PC_GDP	A	2011	31.214	
EST	TAXREV	TOT	PC_GDP	A	2012	31.464	
EST	TAXREV	TOT	PC_GDP	A	2013	31.462	
EST	TAXREV	TOT	PC_GDP	A	2014	31.925	
EST	TAXREV	TOT	PC_GDP	A	2015	33.079	
EST	TAXREV	TOT	PC_GDP	A	2016	33.237	
EST	TAXREV	TOT	PC_GDP	A	2017	32.515	
EST	TAXREV	TOT	PC_GDP	A	2018	32.894	
EST	TAXREV	TOT	PC_GDP	A	2019	33.073	
ISR	TAXREV	TOT	PC_GDP	A	2000	34.796	
ISR	TAXREV	TOT	PC_GDP	A	2001	34.65	
ISR	TAXREV	TOT	PC_GDP	A	2002	33.869	
ISR	TAXREV	TOT	PC_GDP	A	2003	33.166	
ISR	TAXREV	TOT	PC_GDP	A	2004	33.261	
ISR	TAXREV	TOT	PC_GDP	A	2005	33.665	
ISR	TAXREV	TOT	PC_GDP	A	2006	34.223	
ISR	TAXREV	TOT	PC_GDP	A	2007	34.161	
ISR	TAXREV	TOT	PC_GDP	A	2008	31.906	
ISR	TAXREV	TOT	PC_GDP	A	2009	29.823	
ISR	TAXREV	TOT	PC_GDP	A	2010	30.695	
ISR	TAXREV	TOT	PC_GDP	A	2011	30.988	
ISR	TAXREV	TOT	PC_GDP	A	2012	30.053	
ISR	TAXREV	TOT	PC_GDP	A	2013	30.794	
ISR	TAXREV	TOT	PC_GDP	A	2014	30.988	
ISR	TAXREV	TOT	PC_GDP	A	2015	31.236	
ISR	TAXREV	TOT	PC_GDP	A	2016	31.183	
ISR	TAXREV	TOT	PC_GDP	A	2017	32.544	
ISR	TAXREV	TOT	PC_GDP	A	2018	30.946	
ISR	TAXREV	TOT	PC_GDP	A	2019	30.474	
SVN	TAXREV	TOT	PC_GDP	A	2000	37.748	
SVN	TAXREV	TOT	PC_GDP	A	2001	37.802	
SVN	TAXREV	TOT	PC_GDP	A	2002	38.283	
SVN	TAXREV	TOT	PC_GDP	A	2003	38.429	
SVN	TAXREV	TOT	PC_GDP	A	2004	38.491	
SVN	TAXREV	TOT	PC_GDP	A	2005	39.174	
SVN	TAXREV	TOT	PC_GDP	A	2006	38.715	
SVN	TAXREV	TOT	PC_GDP	A	2007	38.069	
SVN	TAXREV	TOT	PC_GDP	A	2008	37.34	
SVN	TAXREV	TOT	PC_GDP	A	2009	37.139	
SVN	TAXREV	TOT	PC_GDP	A	2010	37.828	
SVN	TAXREV	TOT	PC_GDP	A	2011	37.37	
SVN	TAXREV	TOT	PC_GDP	A	2012	37.679	
SVN	TAXREV	TOT	PC_GDP	A	2013	37.242	
SVN	TAXREV	TOT	PC_GDP	A	2014	37.179	
SVN	TAXREV	TOT	PC_GDP	A	2015	37.311	
SVN	TAXREV	TOT	PC_GDP	A	2016	37.443	
SVN	TAXREV	TOT	PC_GDP	A	2017	37.134	
SVN	TAXREV	TOT	PC_GDP	A	2018	37.412	
SVN	TAXREV	TOT	PC_GDP	A	2019	37.651	
OAVG	TAXREV	TOT	PC_GDP	A	2000	33.273	
OAVG	TAXREV	TOT	PC_GDP	A	2001	32.801	
OAVG	TAXREV	TOT	PC_GDP	A	2002	32.607	
OAVG	TAXREV	TOT	PC_GDP	A	2003	32.517	
OAVG	TAXREV	TOT	PC_GDP	A	2004	32.505	
OAVG	TAXREV	TOT	PC_GDP	A	2005	32.984	
OAVG	TAXREV	TOT	PC_GDP	A	2006	33.136	
OAVG	TAXREV	TOT	PC_GDP	A	2007	33.188	
OAVG	TAXREV	TOT	PC_GDP	A	2008	32.572	
OAVG	TAXREV	TOT	PC_GDP	A	2009	31.844	
OAVG	TAXREV	TOT	PC_GDP	A	2010	31.908	
OAVG	TAXREV	TOT	PC_GDP	A	2011	32.238	
OAVG	TAXREV	TOT	PC_GDP	A	2012	32.729	
OAVG	TAXREV	TOT	PC_GDP	A	2013	32.992	
OAVG	TAXREV	TOT	PC_GDP	A	2014	33.226	
OAVG	TAXREV	TOT	PC_GDP	A	2015	33.313	
OAVG	TAXREV	TOT	PC_GDP	A	2016	33.953	
OAVG	TAXREV	TOT	PC_GDP	A	2017	33.741	
OAVG	TAXREV	TOT	PC_GDP	A	2018	33.879	
OAVG	TAXREV	TOT	PC_GDP	A	2019	33.84	
LVA	TAXREV	TOT	PC_GDP	A	2000	29.14	
LVA	TAXREV	TOT	PC_GDP	A	2001	28.215	
LVA	TAXREV	TOT	PC_GDP	A	2002	27.894	
LVA	TAXREV	TOT	PC_GDP	A	2003	27.505	
LVA	TAXREV	TOT	PC_GDP	A	2004	27.702	
LVA	TAXREV	TOT	PC_GDP	A	2005	27.96	
LVA	TAXREV	TOT	PC_GDP	A	2006	28.755	
LVA	TAXREV	TOT	PC_GDP	A	2007	28.337	
LVA	TAXREV	TOT	PC_GDP	A	2008	27.968	
LVA	TAXREV	TOT	PC_GDP	A	2009	28.238	
LVA	TAXREV	TOT	PC_GDP	A	2010	28.732	
LVA	TAXREV	TOT	PC_GDP	A	2011	28.338	
LVA	TAXREV	TOT	PC_GDP	A	2012	29.11	
LVA	TAXREV	TOT	PC_GDP	A	2013	29.36	
LVA	TAXREV	TOT	PC_GDP	A	2014	29.717	
LVA	TAXREV	TOT	PC_GDP	A	2015	30.025	
LVA	TAXREV	TOT	PC_GDP	A	2016	31.159	
LVA	TAXREV	TOT	PC_GDP	A	2017	31.392	
LVA	TAXREV	TOT	PC_GDP	A	2018	31.237	
LVA	TAXREV	TOT	PC_GDP	A	2019	31.201	
LTU	TAXREV	TOT	PC_GDP	A	2000	30.783	
LTU	TAXREV	TOT	PC_GDP	A	2001	29.321	
LTU	TAXREV	TOT	PC_GDP	A	2002	28.99	
LTU	TAXREV	TOT	PC_GDP	A	2003	28.631	
LTU	TAXREV	TOT	PC_GDP	A	2004	28.997	
LTU	TAXREV	TOT	PC_GDP	A	2005	29.203	
LTU	TAXREV	TOT	PC_GDP	A	2006	30.133	
LTU	TAXREV	TOT	PC_GDP	A	2007	30.03	
LTU	TAXREV	TOT	PC_GDP	A	2008	30.577	
LTU	TAXREV	TOT	PC_GDP	A	2009	30.172	
LTU	TAXREV	TOT	PC_GDP	A	2010	28.365	
LTU	TAXREV	TOT	PC_GDP	A	2011	27.239	
LTU	TAXREV	TOT	PC_GDP	A	2012	26.982	
LTU	TAXREV	TOT	PC_GDP	A	2013	26.752	
LTU	TAXREV	TOT	PC_GDP	A	2014	27.504	
LTU	TAXREV	TOT	PC_GDP	A	2015	28.695	
LTU	TAXREV	TOT	PC_GDP	A	2016	29.653	
LTU	TAXREV	TOT	PC_GDP	A	2017	29.469	
LTU	TAXREV	TOT	PC_GDP	A	2018	30.167	
LTU	TAXREV	TOT	PC_GDP	A	2019	30.337	
COL	TAXREV	TOT	PC_GDP	A	2000	15.683	
COL	TAXREV	TOT	PC_GDP	A	2001	17.328	
COL	TAXREV	TOT	PC_GDP	A	2002	17.153	
COL	TAXREV	TOT	PC_GDP	A	2003	17.292	
COL	TAXREV	TOT	PC_GDP	A	2004	17.969	
COL	TAXREV	TOT	PC_GDP	A	2005	18.259	
COL	TAXREV	TOT	PC_GDP	A	2006	19.267	
COL	TAXREV	TOT	PC_GDP	A	2007	19.299	
COL	TAXREV	TOT	PC_GDP	A	2008	19.032	
COL	TAXREV	TOT	PC_GDP	A	2009	18.817	
COL	TAXREV	TOT	PC_GDP	A	2010	18.096	
COL	TAXREV	TOT	PC_GDP	A	2011	18.932	
COL	TAXREV	TOT	PC_GDP	A	2012	19.721	
COL	TAXREV	TOT	PC_GDP	A	2013	20.022	
COL	TAXREV	TOT	PC_GDP	A	2014	19.55	
COL	TAXREV	TOT	PC_GDP	A	2015	19.903	
COL	TAXREV	TOT	PC_GDP	A	2016	19.079	
COL	TAXREV	TOT	PC_GDP	A	2017	18.983	
COL	TAXREV	TOT	PC_GDP	A	2018	19.302	
COL	TAXREV	TOT	PC_GDP	A	2019	19.677	
